{
  "llama": {
    "total_examples": 500,
    "exact_match": 499,
    "exact_match_rate": 0.998,
    "valid_json": 499,
    "valid_json_rate": 0.998,
    "room_precision": 1.0,
    "room_recall": 0.9978632478632479,
    "room_f1": 0.9989304812834224,
    "device_value_accuracy": 1.0,
    "device_correct": 1160,
    "device_total": 1160,
    "inference_time_seconds": 511.3839213848114,
    "avg_time_per_example": 1.0227678427696227
  },
  "gemma": {
    "total_examples": 500,
    "exact_match": 493,
    "exact_match_rate": 0.986,
    "valid_json": 500,
    "valid_json_rate": 1.0,
    "room_precision": 0.9968051118210862,
    "room_recall": 1.0,
    "room_f1": 0.9984,
    "device_value_accuracy": 0.9940017137960583,
    "device_correct": 1160,
    "device_total": 1167,
    "inference_time_seconds": 525.6544976234436,
    "avg_time_per_example": 1.0513089952468873
  }
}